{"cameraMode":{"drawMode":0,"name":"Shaded","section":"Shading Mode"},"sceneLighting":true,"audioPlay":false,"sceneViewState":{"showFog":true,"showMaterialUpdate":false,"showSkybox":true,"showFlares":true,"showImageEffects":true,"showParticleSystems":true},"in2DMode":false,"pivot":{"x":-7.243307113647461,"y":-4.9684858322143559,"z":-8.259743690490723},"rotation":{"x":-0.08060284703969956,"y":0.9192473888397217,"z":-0.2636464536190033,"w":-0.28103455901145937},"size":25.839262008666993,"orthographic":false}